time,edge_pct,fog_pct,cloud_pct
1.0,0.0,50.0,50.0
2.0,22.2,44.4,33.3
3.0,10.0,70.0,20.0
4.0,0.0,70.0,30.0
5.0,10.0,60.0,30.0
6.0,10.0,70.0,20.0
7.0,10.0,80.0,10.0
8.0,0.0,90.0,10.0
9.0,9.1,72.8,18.2
10.0,8.3,83.3,8.3
11.0,7.7,84.6,7.7
12.0,7.7,84.6,7.7
13.0,14.3,71.4,14.3
14.0,0.0,85.7,14.3
15.0,0.0,86.6,13.3
16.0,26.7,60.0,13.3
17.0,12.5,75.0,12.5
18.0,6.3,87.5,6.3
19.0,5.9,82.4,11.8
20.0,5.9,82.4,11.8
21.0,5.6,77.8,16.7
22.0,0.0,83.3,16.7
23.0,5.6,77.8,16.7
24.0,5.3,73.7,21.1
25.0,10.0,65.0,25.0
26.0,0.0,75.0,25.0
27.0,10.0,75.0,15.0
28.0,4.5,77.2,18.2
29.0,9.1,77.2,13.6
30.0,0.0,81.8,18.2
31.0,4.3,73.9,21.7
32.0,8.7,78.3,13.0
33.0,4.2,79.2,16.7
34.0,4.2,79.2,16.7
35.0,8.3,83.3,8.3
36.0,4.0,84.0,12.0
37.0,7.7,80.7,11.5
38.0,7.7,77.0,15.4
39.0,7.7,77.0,15.4
40.0,7.7,84.6,7.7
41.0,13.8,72.4,13.8
42.0,6.9,82.7,10.3
43.0,3.4,82.8,13.8
44.0,3.4,82.7,13.8
45.0,3.6,82.2,14.3
46.0,0.0,86.2,13.8
47.0,0.0,86.7,13.3
48.0,3.3,86.7,10.0
49.0,3.2,83.9,12.9
50.0,6.5,80.7,12.9
51.0,3.2,83.8,12.9
52.0,0.0,83.9,16.1
53.0,10.0,86.6,3.3
54.0,6.7,86.7,6.7
55.0,0.0,90.6,9.4
56.0,3.2,90.3,6.5
57.0,9.4,81.3,9.4
58.0,6.3,84.4,9.4
59.0,3.0,84.8,12.1
60.0,0.0,87.8,12.1
61.0,8.8,82.3,8.8
62.0,8.8,82.3,8.8
63.0,2.9,88.2,8.8
64.0,5.7,82.9,11.4
65.0,2.9,85.2,11.8
66.0,2.9,85.2,11.8
67.0,2.9,85.2,11.8
68.0,11.4,77.2,11.4
69.0,5.7,82.8,11.4
70.0,2.8,83.3,13.9
71.0,8.1,75.7,16.2
72.0,2.7,78.4,18.9
73.0,5.0,77.5,17.5
74.0,5.0,80.0,15.0
75.0,5.0,87.5,7.5
76.0,2.5,85.0,12.5
77.0,0.0,85.0,15.0
78.0,10.0,67.5,22.5
79.0,5.0,70.0,25.0
80.0,7.5,72.5,20.0
81.0,2.3,74.4,23.3
82.0,0.0,82.6,17.4
83.0,11.4,75.0,13.6
84.0,6.8,75.0,18.2
85.0,6.8,77.3,15.9
86.0,4.5,81.9,13.6
87.0,4.8,73.8,21.4
88.0,9.8,75.6,14.6
89.0,4.8,78.5,16.7
90.0,7.5,75.0,17.5
91.0,7.1,71.5,21.4
92.0,5.0,80.0,15.0
93.0,2.4,80.4,17.1
94.0,4.9,80.5,14.6
95.0,0.0,88.1,11.9
96.0,7.1,85.7,7.1
97.0,7.0,81.4,11.6
98.0,7.0,79.1,14.0
99.0,2.3,81.8,15.9
100.0,4.5,75.0,20.5
101.0,2.2,80.0,17.8
102.0,2.3,84.1,13.6
103.0,6.8,79.5,13.6
104.0,2.2,82.6,15.2
105.0,2.2,78.2,19.6
106.0,4.4,84.5,11.1
107.0,0.0,82.3,17.8
108.0,2.2,78.3,19.6
109.0,2.2,76.1,21.7
110.0,2.3,77.2,20.5
111.0,4.5,75.0,20.5
112.0,6.8,77.3,15.9
113.0,2.3,79.5,18.2
114.0,11.4,68.2,20.5
115.0,4.5,79.6,15.9
116.0,4.7,81.4,14.0
117.0,2.3,81.8,15.9
118.0,2.4,83.3,14.3
119.0,4.8,80.9,14.3
120.0,4.9,80.5,14.6
121.0,7.0,74.4,18.6
122.0,4.5,77.3,18.2
123.0,4.5,75.0,20.5
124.0,6.7,77.8,15.6
125.0,6.7,84.4,8.9
126.0,4.4,77.8,17.8
127.0,6.5,74.0,19.6
128.0,4.3,73.9,21.7
129.0,10.9,73.9,15.2
130.0,2.2,77.8,20.0
131.0,0.0,80.0,20.0
132.0,6.8,79.5,13.6
133.0,6.8,84.1,9.1
134.0,2.4,87.8,9.8
135.0,4.8,81.0,14.3
136.0,0.0,87.5,12.5
137.0,0.0,90.3,9.8
138.0,2.5,87.5,10.0
139.0,7.5,77.5,15.0
140.0,10.3,79.5,10.3
141.0,2.6,84.3,13.2
142.0,7.9,81.6,10.5
143.0,13.2,76.3,10.5
144.0,7.7,79.5,12.8
145.0,7.3,78.1,14.6
146.0,9.8,78.1,12.2
147.0,5.1,84.6,10.3
148.0,2.6,89.7,7.7
149.0,0.0,87.1,12.8
150.0,5.0,82.5,12.5
151.0,4.9,82.9,12.2
152.0,0.0,87.8,12.2
153.0,7.0,74.5,18.6
154.0,9.3,72.1,18.6
155.0,2.4,81.0,16.7
156.0,5.0,82.5,12.5
157.0,7.7,79.5,12.8
158.0,2.7,72.9,24.3
159.0,0.0,78.3,21.6
160.0,2.8,77.8,19.4
161.0,0.0,86.5,13.5
162.0,0.0,79.5,20.5
163.0,7.9,71.0,21.1
164.0,7.9,71.0,21.1
165.0,7.9,71.1,21.1
166.0,10.5,68.4,21.1
167.0,2.6,68.4,28.9
168.0,2.6,68.4,28.9
169.0,5.1,64.1,30.8
170.0,7.5,62.5,30.0
171.0,5.0,60.0,35.0
172.0,0.0,62.5,37.5
173.0,2.5,60.0,37.5
174.0,10.5,57.9,31.6
175.0,5.3,65.8,28.9
176.0,2.6,63.2,34.2
177.0,2.8,66.7,30.6
178.0,5.6,61.2,33.3
179.0,5.4,62.2,32.4
180.0,8.3,61.1,30.6
181.0,7.9,60.5,31.6
182.0,2.7,64.9,32.4
183.0,8.1,54.1,37.8
184.0,7.9,55.2,36.8
185.0,15.4,48.8,35.9
186.0,7.9,57.9,34.2
187.0,5.3,71.1,23.7
188.0,10.0,62.5,27.5
189.0,2.6,76.9,20.5
190.0,0.0,76.4,23.7
191.0,2.6,81.6,15.8
192.0,0.0,81.6,18.4
193.0,7.9,71.0,21.1
194.0,8.1,73.0,18.9
195.0,2.8,86.1,11.1
196.0,8.1,78.4,13.5
197.0,5.4,81.1,13.5
198.0,2.7,78.4,18.9
199.0,2.8,83.3,13.9
200.0,2.8,83.3,13.9
201.0,10.3,71.8,17.9
202.0,2.6,76.9,20.5
203.0,7.7,71.8,20.5
204.0,0.0,84.6,15.4
205.0,5.3,79.0,15.8
206.0,10.3,71.8,17.9
207.0,2.4,75.6,22.0
208.0,4.9,75.6,19.5
209.0,2.4,80.9,16.7
210.0,2.4,83.3,14.3
211.0,4.7,81.4,14.0
212.0,2.3,83.8,14.0
213.0,9.3,79.1,11.6
214.0,16.3,72.1,11.6
215.0,11.1,73.3,15.6
216.0,8.9,77.7,13.3
217.0,10.9,80.4,8.7
218.0,4.4,88.9,6.7
219.0,8.9,86.6,4.4
220.0,0.0,88.1,11.9
221.0,9.3,81.4,9.3
222.0,2.3,86.1,11.6
223.0,2.3,81.4,16.3
224.0,2.3,81.8,15.9
225.0,9.1,79.6,11.4
226.0,6.8,79.6,13.6
227.0,4.7,83.7,11.6
228.0,2.3,84.0,13.6
229.0,7.0,83.7,9.3
230.0,16.3,74.4,9.3
231.0,6.8,75.0,18.2
232.0,6.8,77.3,15.9
233.0,2.2,73.9,23.9
234.0,6.5,69.6,23.9
235.0,2.2,71.8,26.1
236.0,4.3,71.7,23.9
237.0,4.3,73.9,21.7
238.0,11.1,73.4,15.6
239.0,9.1,72.7,18.2
240.0,9.8,75.7,14.6
241.0,4.4,75.6,20.0
242.0,4.3,82.7,13.0
243.0,4.3,84.8,10.9
244.0,10.9,78.2,10.9
245.0,8.9,84.4,6.7
246.0,2.3,81.8,15.9
247.0,6.8,79.6,13.6
248.0,2.4,83.3,14.3
249.0,4.8,78.6,16.7
250.0,11.9,76.2,11.9
251.0,9.5,81.0,9.5
252.0,7.3,82.9,9.8
253.0,15.0,72.5,12.5
254.0,2.6,82.1,15.4
255.0,5.1,79.5,15.4
256.0,5.6,86.1,8.3
257.0,0.0,91.9,8.1
258.0,10.8,78.4,10.8
259.0,2.6,84.2,13.2
260.0,7.9,89.5,2.6
261.0,5.1,87.2,7.7
262.0,5.1,84.7,10.3
263.0,2.6,84.6,12.8
264.0,5.0,77.5,17.5
265.0,0.0,80.5,19.5
266.0,7.3,73.2,19.5
267.0,7.5,75.0,17.5
268.0,10.0,70.0,20.0
269.0,10.3,71.8,17.9
270.0,5.4,70.2,24.3
271.0,5.3,73.7,21.1
272.0,5.6,75.0,19.4
273.0,13.5,64.8,21.6
274.0,0.0,80.6,19.4
275.0,11.1,77.8,11.1
276.0,5.6,80.6,13.9
277.0,5.6,80.6,13.9
278.0,11.1,75.0,13.9
279.0,14.7,73.6,11.8
280.0,5.9,82.3,11.8
281.0,5.4,72.9,21.6
282.0,10.8,75.6,13.5
283.0,2.7,83.7,13.5
284.0,10.8,75.6,13.5
285.0,11.1,77.8,11.1
286.0,2.7,86.4,10.8
287.0,5.6,83.4,11.1
288.0,2.8,86.1,11.1
289.0,7.9,86.8,5.3
290.0,0.0,92.1,7.9
291.0,2.6,89.8,7.7
292.0,5.4,81.0,13.5
293.0,8.6,77.2,14.3
294.0,2.9,88.3,8.8
295.0,2.8,83.3,13.9
296.0,5.6,77.7,16.7
297.0,5.4,75.7,18.9
298.0,8.1,70.3,21.6
299.0,0.0,81.6,18.4
300.0,0.0,81.6,18.4
301.0,15.8,65.8,18.4
302.0,13.2,71.1,15.8
303.0,11.1,80.5,8.3
304.0,2.8,80.6,16.7
305.0,8.8,82.3,8.8
306.0,8.8,82.3,8.8
307.0,0.0,91.2,8.8
308.0,5.9,82.3,11.8
309.0,2.9,85.3,11.8
310.0,15.2,75.8,9.1
311.0,3.0,87.9,9.1
312.0,9.1,84.9,6.1
313.0,6.1,87.9,6.1
314.0,18.8,75.0,6.3
315.0,6.3,90.7,3.1
316.0,3.2,87.1,9.7
317.0,12.9,77.4,9.7
318.0,6.5,80.6,12.9
