time,task_completion_rate_pct,deadline_miss_ratio_pct,rsu_utilization_pct,fogv_utilization_pct,throughput_mbps,total_tasks,total_deadline_misses
1.0,100.0,50.0,0.0,25.12,30.932,8,4
2.0,100.0,47.06,0.0,24.16,28.066,17,8
3.0,100.0,40.74,0.0,23.1,29.225,27,11
4.0,0.0,35.14,0.0,22.92,28.727,37,13
5.0,66.67,27.66,49.46,11.89,29.349,47,13
6.0,82.35,22.81,40.39,7.95,30.798,57,13
7.0,88.46,19.4,53.51,6.39,30.486,67,13
8.0,91.67,16.88,31.74,12.63,31.146,77,13
9.0,93.48,14.94,42.63,9.33,31.259,87,13
10.0,94.64,13.4,39.73,9.37,30.737,97,13
11.0,95.45,12.15,40.59,16.14,30.866,107,13
12.0,96.05,11.11,36.88,6.96,30.928,117,13
13.0,96.47,10.24,22.55,20.15,30.749,127,13
14.0,96.81,9.49,34.85,4.63,30.949,137,13
15.0,97.03,8.84,33.33,17.41,30.569,147,13
16.0,97.2,8.81,29.76,13.22,30.97,159,14
17.0,97.35,9.25,33.6,24.87,31.631,173,16
18.0,97.52,9.09,30.66,22.1,32.76,187,17
19.0,96.18,8.87,31.98,22.22,33.519,203,18
20.0,95.77,8.68,24.28,26.25,34.364,219,19
21.0,96.08,8.94,32.04,14.97,35.148,235,21
22.0,96.32,9.49,28.39,19.33,36.027,253,24
23.0,96.0,10.04,26.15,12.75,36.565,269,27
24.0,96.26,10.21,17.63,23.51,37.208,284,29
25.0,96.46,10.67,26.31,21.07,37.651,300,32
26.0,96.21,10.44,18.07,17.76,38.48,316,33
27.0,96.4,9.94,48.61,21.24,38.658,332,33
28.0,96.55,9.51,41.56,23.06,39.088,347,33
29.0,96.71,9.12,45.48,19.57,39.88,362,33
30.0,96.85,8.97,43.71,18.27,40.426,379,34
31.0,96.99,8.84,40.81,17.63,40.883,396,35
32.0,97.12,8.96,46.27,14.55,41.322,413,37
33.0,97.24,9.05,42.8,16.81,42.162,431,39
34.0,97.36,8.91,43.12,20.97,42.925,449,40
35.0,97.46,8.78,46.01,16.56,43.293,467,41
36.0,97.55,8.66,44.43,15.72,43.714,485,42
37.0,97.65,8.51,57.36,16.58,44.236,505,43
38.0,97.75,8.38,60.76,21.7,44.79,525,44
39.0,97.83,8.26,44.54,14.54,45.337,545,45
40.0,97.89,8.32,28.53,18.91,45.99,565,47
41.0,97.68,8.21,54.03,13.19,46.896,585,48
42.0,97.73,8.1,47.36,16.45,47.233,605,49
43.0,97.79,7.81,40.54,24.74,47.698,627,49
44.0,97.84,7.73,33.2,22.55,48.326,647,50
45.0,97.89,7.77,57.03,22.51,48.739,669,52
46.0,97.94,7.81,61.14,16.11,49.479,691,54
47.0,98.0,7.71,56.53,20.36,50.076,713,55
48.0,97.83,7.76,53.42,17.12,50.724,735,57
49.0,97.89,7.76,51.47,18.64,51.45,760,59
50.0,97.94,7.63,49.09,20.23,52.182,786,60
51.0,97.99,7.51,43.45,23.13,52.813,812,61
52.0,98.03,7.41,59.3,22.82,53.52,837,62
53.0,98.07,7.31,56.72,20.3,54.068,862,63
54.0,98.11,7.11,76.71,20.91,54.755,886,63
55.0,98.14,7.02,63.33,17.54,55.396,912,64
56.0,98.16,6.82,62.63,20.55,55.904,938,64
57.0,98.19,6.64,50.89,22.07,56.202,964,64
58.0,98.21,6.46,76.1,22.29,56.907,990,64
59.0,98.23,6.39,52.34,23.86,57.642,1018,65
60.0,98.25,6.31,65.12,20.23,58.016,1046,66
61.0,98.26,6.24,74.17,22.05,58.645,1074,67
62.0,98.1,6.08,64.08,20.84,59.143,1102,67
63.0,98.12,6.01,54.95,23.9,59.941,1132,68
64.0,98.14,5.94,77.8,20.44,60.504,1162,69
65.0,98.16,5.95,77.28,25.09,61.191,1194,71
66.0,98.18,5.95,50.52,21.34,61.851,1226,73
67.0,98.04,5.88,63.83,22.12,62.69,1258,74
68.0,98.08,5.81,61.46,20.46,63.402,1290,75
69.0,98.12,5.67,58.27,24.35,63.917,1322,75
70.0,98.16,5.54,59.45,24.81,64.59,1354,75
71.0,98.21,5.41,72.66,22.93,65.127,1386,75
72.0,98.25,5.29,63.47,24.74,65.898,1418,75
73.0,98.3,5.3,61.4,22.9,66.536,1454,77
74.0,98.34,5.3,49.92,19.78,67.101,1491,79
75.0,98.4,5.23,73.99,23.65,67.786,1529,80
76.0,98.32,5.11,57.99,26.48,68.646,1567,80
77.0,98.14,4.98,50.98,22.03,69.41,1605,80
78.0,98.2,4.87,56.46,29.59,70.283,1643,80
79.0,98.04,4.76,66.32,23.94,70.682,1681,80
80.0,98.11,4.65,61.73,31.22,71.497,1719,80
81.0,98.17,4.6,52.46,26.34,72.397,1759,81
82.0,98.23,4.56,43.14,26.43,72.912,1797,82
83.0,98.19,4.52,57.52,28.3,73.348,1835,83
84.0,98.23,4.48,47.04,34.31,73.689,1874,84
85.0,98.18,4.39,45.59,28.23,74.395,1912,84
86.0,98.22,4.31,40.17,30.38,74.97,1950,84
87.0,98.08,4.23,46.9,28.56,75.328,1986,84
88.0,98.11,4.15,49.59,27.78,75.862,2022,84
89.0,98.14,4.08,59.45,26.67,76.374,2057,84
90.0,98.17,4.02,73.29,26.85,76.817,2091,84
91.0,98.12,4.0,50.72,20.29,77.124,2126,85
92.0,98.16,3.98,68.46,23.61,77.665,2160,86
93.0,98.02,4.01,62.66,22.26,77.758,2193,88
94.0,98.06,4.0,66.06,24.22,78.019,2225,89
95.0,98.09,3.94,65.98,22.09,78.223,2257,89
96.0,98.12,3.89,71.92,26.88,78.342,2289,89
97.0,98.15,3.88,35.66,29.0,78.66,2322,90
98.0,98.09,3.86,42.44,25.12,78.931,2356,91
99.0,98.12,3.85,58.36,20.46,79.223,2388,92
100.0,98.14,3.84,37.36,21.63,79.465,2420,93
101.0,98.16,3.88,48.99,21.71,79.569,2450,95
102.0,98.18,3.95,57.9,27.78,79.841,2480,98
103.0,98.13,3.91,43.66,23.23,79.975,2508,98
104.0,98.14,3.9,42.43,23.04,80.187,2538,99
105.0,98.01,3.9,40.04,24.74,80.347,2567,100
106.0,97.95,3.93,21.92,23.97,80.509,2596,102
107.0,97.89,4.0,27.46,22.94,80.604,2623,105
108.0,97.9,4.04,20.27,20.58,80.618,2647,107
109.0,97.91,4.12,28.63,25.08,80.693,2671,110
110.0,97.91,4.16,44.53,19.94,80.76,2694,112
111.0,97.92,4.16,39.29,19.29,80.574,2716,113
112.0,97.92,4.13,44.13,22.17,80.425,2738,113
113.0,97.79,4.13,40.02,17.69,80.338,2762,114
114.0,97.8,4.13,48.3,21.55,80.228,2786,115
115.0,97.81,4.13,43.97,30.08,80.338,2810,116
116.0,97.82,4.13,63.18,24.82,80.356,2834,117
117.0,97.76,4.13,42.41,26.12,80.535,2860,118
118.0,97.77,4.12,56.54,19.0,80.555,2886,119
119.0,97.78,4.12,48.83,22.84,80.594,2912,120
120.0,97.8,4.12,29.94,26.19,80.596,2938,121
121.0,97.82,4.11,49.48,28.65,80.734,2965,122
122.0,97.85,4.11,38.18,26.88,80.81,2993,123
123.0,97.88,4.1,41.24,23.87,81.036,3021,124
124.0,97.9,4.1,49.36,24.04,81.135,3049,125
125.0,97.93,4.09,54.86,28.97,81.188,3079,126
126.0,97.89,4.08,41.3,23.64,81.307,3109,127
127.0,97.92,4.11,59.25,28.83,81.573,3141,129
128.0,97.94,4.1,39.7,23.46,81.766,3173,130
129.0,97.96,4.08,50.17,25.05,82.004,3207,131
130.0,97.98,4.07,34.53,25.75,82.156,3241,132
131.0,97.95,4.09,41.23,25.52,82.531,3277,134
132.0,97.85,4.11,48.39,22.86,82.829,3313,136
133.0,97.87,4.09,46.21,26.49,83.033,3347,137
134.0,97.84,4.05,43.79,25.44,83.236,3381,137
135.0,97.87,4.04,46.07,26.81,83.438,3413,138
136.0,97.9,4.03,39.2,25.73,83.634,3445,139
137.0,97.93,4.0,46.68,26.86,83.736,3475,139
138.0,97.95,3.97,48.18,26.09,83.844,3505,139
139.0,97.97,3.93,58.79,28.91,84.0,3535,139
140.0,97.99,3.9,45.33,30.55,84.144,3565,139
141.0,98.01,3.87,61.94,27.41,84.216,3595,139
142.0,98.02,3.83,46.47,24.06,84.273,3625,139
143.0,98.04,3.8,45.76,28.7,84.399,3655,139
144.0,98.06,3.8,51.93,24.73,84.518,3685,140
145.0,98.08,3.84,38.23,30.24,84.809,3723,143
146.0,98.1,3.88,57.67,25.45,85.104,3762,146
147.0,98.12,3.92,30.16,27.17,85.342,3801,149
148.0,98.14,3.93,23.85,28.98,85.718,3839,151
149.0,98.12,3.89,47.24,33.08,85.922,3877,151
150.0,98.15,3.86,39.4,28.16,86.258,3915,151
151.0,98.09,3.82,40.88,27.36,86.529,3953,151
152.0,98.11,3.78,34.34,29.36,86.73,3991,151
153.0,98.14,3.75,42.93,30.57,86.911,4029,151
154.0,98.11,3.71,52.09,26.65,87.234,4067,151
155.0,98.13,3.68,44.14,24.0,87.344,4104,151
156.0,98.1,3.65,52.2,24.03,87.544,4141,151
157.0,98.12,3.62,46.35,33.27,87.696,4177,151
158.0,98.14,3.58,51.48,25.06,87.912,4212,151
159.0,98.15,3.56,50.01,29.5,88.073,4246,151
160.0,98.17,3.55,47.89,27.49,88.156,4282,152
161.0,98.18,3.57,69.72,20.84,88.476,4319,154
162.0,98.15,3.61,36.12,22.73,88.682,4355,157
163.0,98.16,3.64,44.8,26.53,88.771,4393,160
164.0,98.17,3.66,36.16,26.01,88.987,4430,162
165.0,98.14,3.63,51.17,24.02,89.205,4465,162
166.0,98.15,3.62,64.93,27.24,89.337,4501,163
167.0,98.17,3.61,59.62,23.34,89.508,4537,164
168.0,98.18,3.59,59.95,24.0,89.664,4572,164
169.0,98.18,3.56,56.06,26.07,89.819,4606,164
170.0,98.15,3.53,75.33,24.25,90.019,4641,164
171.0,98.17,3.51,70.77,24.57,90.217,4676,164
172.0,98.17,3.5,68.93,21.84,90.367,4710,165
173.0,98.18,3.52,76.62,21.45,90.425,4743,167
174.0,98.19,3.52,52.63,25.33,90.608,4777,168
175.0,98.2,3.51,49.32,22.59,90.774,4811,169
176.0,98.21,3.51,62.52,18.54,90.874,4845,170
177.0,98.22,3.5,65.76,28.67,91.054,4881,171
178.0,98.23,3.5,55.37,23.33,91.197,4917,172
179.0,98.24,3.49,63.71,28.35,91.407,4953,173
180.0,98.25,3.49,60.73,26.72,91.577,4989,174
181.0,98.22,3.48,68.89,22.4,91.715,5027,175
182.0,98.23,3.49,61.47,25.16,91.869,5065,177
183.0,98.24,3.51,76.45,22.03,92.096,5103,179
184.0,98.24,3.52,78.19,21.77,92.249,5140,181
185.0,98.21,3.52,42.19,24.21,92.423,5177,182
186.0,98.22,3.51,65.13,23.12,92.56,5213,183
187.0,98.22,3.52,69.28,21.97,92.655,5251,185
188.0,98.23,3.52,75.16,22.37,92.787,5288,186
189.0,98.23,3.53,58.79,19.82,92.976,5327,188
190.0,98.23,3.54,70.37,24.67,93.137,5366,190
191.0,98.23,3.53,65.9,22.28,93.293,5405,191
192.0,98.2,3.51,63.7,24.92,93.564,5444,191
193.0,98.21,3.52,73.08,23.67,93.791,5486,193
194.0,98.22,3.51,74.61,23.62,94.052,5528,194
195.0,98.23,3.5,48.75,24.81,94.278,5570,195
196.0,98.25,3.49,57.35,24.18,94.538,5612,196
197.0,98.26,3.48,81.18,25.99,94.791,5653,197
198.0,98.28,3.46,63.89,26.46,94.921,5694,197
199.0,98.29,3.45,60.92,24.74,95.131,5737,198
200.0,98.3,3.44,64.24,23.91,95.317,5780,199
201.0,98.28,3.43,82.86,21.65,95.573,5823,200
202.0,98.28,3.43,80.31,25.94,95.74,5866,201
203.0,98.26,3.4,67.23,22.11,95.986,5911,201
204.0,98.26,3.37,67.43,25.04,96.222,5956,201
205.0,98.27,3.35,48.27,24.21,96.434,5999,201
206.0,98.24,3.33,55.98,23.12,96.635,6042,201
207.0,98.25,3.34,62.49,24.35,96.846,6086,203
208.0,98.25,3.33,65.81,27.04,97.082,6129,204
209.0,98.26,3.34,99.48,23.29,97.308,6174,206
210.0,98.27,3.34,66.6,21.89,97.528,6219,208
211.0,98.28,3.34,70.55,28.03,97.793,6264,209
212.0,98.26,3.31,75.54,24.98,97.946,6309,209
213.0,98.27,3.29,55.35,27.38,98.156,6354,209
214.0,98.28,3.27,73.35,25.16,98.432,6399,209
215.0,98.28,3.24,67.97,28.16,98.755,6444,209
216.0,98.29,3.22,62.51,28.02,98.935,6489,209
217.0,98.3,3.23,65.07,21.88,99.307,6538,211
218.0,98.31,3.23,73.27,21.77,99.629,6588,213
219.0,98.29,3.21,50.08,28.13,99.873,6639,213
220.0,98.26,3.18,65.2,28.35,100.186,6690,213
221.0,98.24,3.16,58.67,27.47,100.485,6741,213
222.0,98.24,3.15,52.59,27.07,100.814,6791,214
223.0,98.25,3.13,47.9,30.62,101.112,6839,214
224.0,98.26,3.11,40.68,29.19,101.298,6887,214
225.0,98.23,3.1,42.34,30.72,101.667,6937,215
226.0,98.24,3.11,49.55,28.16,102.007,6986,217
227.0,98.24,3.11,43.62,25.51,102.206,7034,219
228.0,98.21,3.09,61.88,26.08,102.503,7084,219
229.0,98.22,3.07,50.52,27.46,102.803,7134,219
230.0,98.22,3.06,48.9,25.3,103.062,7183,220
231.0,98.23,3.07,55.68,25.27,103.192,7230,222
232.0,98.23,3.08,48.38,24.41,103.482,7279,224
233.0,98.23,3.08,55.18,24.0,103.715,7327,226
234.0,98.24,3.08,69.45,23.9,103.956,7375,227
235.0,98.24,3.07,69.94,26.73,104.192,7424,228
236.0,98.25,3.06,69.75,22.79,104.405,7473,229
237.0,98.26,3.06,72.03,28.69,104.707,7522,230
238.0,98.28,3.06,58.97,24.65,104.915,7571,232
239.0,98.29,3.06,61.62,23.62,105.092,7620,233
240.0,98.3,3.05,70.62,26.18,105.366,7669,234
241.0,98.31,3.07,56.58,25.61,105.605,7720,237
242.0,98.33,3.09,34.4,31.07,105.837,7772,240
243.0,98.34,3.09,47.28,26.57,106.102,7823,242
244.0,98.32,3.09,37.46,28.86,106.349,7874,243
245.0,98.33,3.08,60.74,28.76,106.513,7925,244
246.0,98.31,3.07,56.91,30.69,106.771,7978,245
247.0,98.31,3.05,50.04,27.57,107.109,8030,245
248.0,98.32,3.06,60.65,27.94,107.384,8084,247
249.0,98.33,3.06,61.97,28.08,107.654,8136,249
250.0,98.31,3.07,71.29,25.82,107.935,8187,251
251.0,98.29,3.08,75.57,24.31,108.177,8238,254
252.0,98.3,3.08,75.76,25.52,108.383,8288,255
253.0,98.31,3.07,72.36,27.87,108.586,8338,256
254.0,98.32,3.06,61.3,28.21,108.822,8389,257
255.0,98.34,3.06,68.92,32.51,108.978,8439,258
256.0,98.35,3.05,64.99,27.24,109.204,8489,259
257.0,98.33,3.04,69.05,29.53,109.503,8541,260
258.0,98.34,3.03,78.52,30.12,109.738,8593,260
259.0,98.3,3.01,70.34,26.02,109.942,8645,260
260.0,98.31,2.99,63.91,29.76,110.22,8697,260
261.0,98.32,2.98,47.21,24.67,110.472,8751,261
262.0,98.3,2.98,62.88,27.74,110.729,8805,262
263.0,98.31,2.96,65.31,29.04,110.893,8858,262
264.0,98.32,2.95,62.45,28.93,111.1,8909,263
265.0,98.32,2.96,56.23,29.26,111.299,8960,265
266.0,98.33,2.95,76.8,28.24,111.569,9011,266
267.0,98.34,2.95,71.72,27.15,111.763,9062,267
268.0,98.36,2.94,51.19,32.77,111.982,9113,268
269.0,98.37,2.95,57.16,27.77,112.224,9166,270
270.0,98.36,2.94,57.26,28.96,112.483,9219,271
271.0,98.37,2.93,45.52,27.79,112.687,9274,272
272.0,98.38,2.93,55.72,29.06,112.912,9329,273
273.0,98.4,2.92,66.49,30.09,113.2,9386,274
274.0,98.41,2.91,77.69,29.13,113.482,9443,275
275.0,98.43,2.9,64.05,31.76,113.805,9502,276
276.0,98.4,2.89,61.62,28.53,114.191,9561,276
277.0,98.41,2.87,56.74,26.26,114.462,9620,276
278.0,98.43,2.85,61.96,32.25,114.711,9679,276
279.0,98.44,2.83,73.79,31.06,114.983,9737,276
280.0,98.46,2.83,73.61,29.83,115.201,9795,277
281.0,98.48,2.81,69.62,31.9,115.421,9852,277
282.0,98.49,2.81,71.57,27.48,115.641,9909,278
283.0,98.51,2.8,81.99,28.75,115.936,9966,279
284.0,98.5,2.79,54.73,28.29,116.146,10023,280
285.0,98.51,2.79,75.95,24.99,116.491,10080,281
286.0,98.53,2.77,64.06,27.19,116.75,10136,281
287.0,98.54,2.77,54.11,31.26,116.964,10192,282
288.0,98.55,2.77,32.6,30.82,117.186,10248,284
289.0,98.57,2.78,68.35,29.62,117.496,10309,287
290.0,98.58,2.79,60.13,27.2,117.787,10369,289
291.0,98.59,2.79,57.3,32.84,118.064,10429,291
292.0,98.56,2.78,61.18,29.15,118.348,10489,292
293.0,98.53,2.78,56.77,30.85,118.567,10549,293
294.0,98.54,2.76,76.12,31.15,118.772,10607,293
295.0,98.55,2.76,70.2,27.96,119.015,10665,294
296.0,98.57,2.74,62.79,31.18,119.246,10722,294
297.0,98.56,2.74,49.45,29.29,119.471,10779,295
298.0,98.56,2.74,65.45,26.93,119.769,10834,297
299.0,98.54,2.75,52.49,29.79,120.032,10888,299
300.0,98.54,2.75,68.25,27.05,120.178,10940,301
301.0,98.55,2.74,81.41,27.26,120.271,10989,301
302.0,98.56,2.74,48.22,28.73,120.379,11037,302
303.0,98.55,2.74,61.08,23.96,120.448,11083,304
304.0,98.53,2.75,63.87,23.75,120.597,11129,306
305.0,98.52,2.75,61.01,28.97,120.676,11173,307
306.0,98.51,2.75,59.22,22.4,120.715,11216,308
307.0,98.5,2.74,73.34,23.5,120.783,11258,309
308.0,98.48,2.74,47.18,27.08,120.866,11300,310
309.0,98.49,2.75,58.67,25.61,120.896,11340,312
310.0,98.49,2.77,53.87,24.91,120.908,11379,315
311.0,98.5,2.78,58.71,19.61,120.886,11416,317
312.0,98.5,2.79,63.91,18.36,120.873,11451,320
313.0,98.49,2.8,56.61,22.37,120.839,11485,322
314.0,98.49,2.81,51.41,19.02,120.766,11518,324
315.0,98.5,2.82,56.84,19.02,120.717,11551,326
316.0,98.5,2.83,59.55,20.96,120.659,11583,328
317.0,98.5,2.84,55.8,22.26,120.592,11615,330
318.0,98.51,2.84,46.08,22.21,120.534,11646,331
319.0,98.51,2.84,63.73,25.34,120.511,11677,332
320.0,98.52,2.84,54.62,18.72,120.516,11707,332
321.0,98.52,2.83,48.59,18.99,120.475,11737,332
322.0,98.53,2.82,59.57,18.3,120.431,11767,332
323.0,98.52,2.81,64.31,19.95,120.413,11797,332
324.0,98.52,2.81,57.25,23.39,120.373,11827,332
