time,total_vehicles,fog_nodes,fog_ratio_pct
1.0,8,4,50.0
2.0,9,4,44.4
3.0,10,5,50.0
4.0,10,5,50.0
5.0,10,5,50.0
6.0,10,5,50.0
7.0,10,5,50.0
8.0,10,5,50.0
9.0,10,5,50.0
10.0,10,5,50.0
11.0,10,5,50.0
12.0,10,5,50.0
13.0,10,5,50.0
14.0,10,5,50.0
15.0,10,5,50.0
16.0,12,6,50.0
17.0,14,7,50.0
18.0,14,7,50.0
19.0,16,8,50.0
20.0,16,8,50.0
21.0,16,8,50.0
22.0,18,9,50.0
23.0,16,8,50.0
24.0,15,8,53.3
25.0,16,8,50.0
26.0,16,8,50.0
27.0,16,8,50.0
28.0,15,8,53.3
29.0,15,8,53.3
30.0,17,9,52.9
31.0,17,9,52.9
32.0,17,9,52.9
33.0,18,9,50.0
34.0,18,9,50.0
35.0,18,9,50.0
36.0,18,9,50.0
37.0,20,10,50.0
38.0,20,10,50.0
39.0,20,10,50.0
40.0,20,10,50.0
41.0,20,10,50.0
42.0,20,10,50.0
43.0,22,11,50.0
44.0,20,10,50.0
45.0,22,11,50.0
46.0,22,11,50.0
47.0,22,11,50.0
48.0,22,11,50.0
49.0,25,12,48.0
50.0,26,13,50.0
51.0,26,13,50.0
52.0,25,12,48.0
53.0,25,12,48.0
54.0,24,12,50.0
55.0,26,13,50.0
56.0,26,13,50.0
57.0,26,13,50.0
58.0,26,13,50.0
59.0,28,14,50.0
60.0,28,14,50.0
61.0,28,14,50.0
62.0,28,14,50.0
63.0,30,15,50.0
64.0,30,15,50.0
65.0,32,16,50.0
66.0,32,16,50.0
67.0,32,16,50.0
68.0,32,16,50.0
69.0,32,16,50.0
70.0,32,16,50.0
71.0,32,16,50.0
72.0,32,16,50.0
73.0,36,18,50.0
74.0,37,18,48.6
75.0,38,19,50.0
76.0,38,19,50.0
77.0,38,19,50.0
78.0,38,19,50.0
79.0,38,19,50.0
80.0,38,19,50.0
81.0,40,20,50.0
82.0,38,19,50.0
83.0,38,19,50.0
84.0,39,19,48.7
85.0,38,19,50.0
86.0,38,19,50.0
87.0,36,18,50.0
88.0,36,18,50.0
89.0,35,17,48.6
90.0,34,17,50.0
91.0,35,17,48.6
92.0,34,17,50.0
93.0,33,17,51.5
94.0,32,16,50.0
95.0,32,16,50.0
96.0,32,16,50.0
97.0,33,16,48.5
98.0,34,17,50.0
99.0,32,16,50.0
100.0,32,16,50.0
101.0,30,14,46.7
102.0,30,14,46.7
103.0,28,14,50.0
104.0,30,15,50.0
105.0,29,14,48.3
106.0,29,14,48.3
107.0,27,14,51.9
108.0,24,12,50.0
109.0,24,12,50.0
110.0,23,11,47.8
111.0,22,11,50.0
112.0,22,11,50.0
113.0,24,12,50.0
114.0,24,12,50.0
115.0,24,12,50.0
116.0,24,12,50.0
117.0,26,13,50.0
118.0,26,13,50.0
119.0,26,13,50.0
120.0,26,13,50.0
121.0,27,13,48.1
122.0,28,14,50.0
123.0,28,14,50.0
124.0,28,14,50.0
125.0,30,15,50.0
126.0,30,15,50.0
127.0,32,16,50.0
128.0,32,16,50.0
129.0,34,17,50.0
130.0,34,17,50.0
131.0,36,18,50.0
132.0,36,18,50.0
133.0,34,17,50.0
134.0,34,17,50.0
135.0,32,16,50.0
136.0,32,16,50.0
137.0,30,15,50.0
138.0,30,15,50.0
139.0,30,15,50.0
140.0,30,15,50.0
141.0,30,15,50.0
142.0,30,15,50.0
143.0,30,15,50.0
144.0,30,15,50.0
145.0,38,19,50.0
146.0,39,19,48.7
147.0,39,19,48.7
148.0,38,19,50.0
149.0,38,19,50.0
150.0,38,19,50.0
151.0,38,19,50.0
152.0,38,19,50.0
153.0,38,19,50.0
154.0,38,19,50.0
155.0,37,18,48.6
156.0,37,18,48.6
157.0,36,18,50.0
158.0,35,18,51.4
159.0,34,17,50.0
160.0,36,18,50.0
161.0,37,19,51.4
162.0,36,18,50.0
163.0,38,19,50.0
164.0,37,19,51.4
165.0,35,17,48.6
166.0,36,18,50.0
167.0,36,18,50.0
168.0,35,18,51.4
169.0,34,17,50.0
170.0,35,18,51.4
171.0,35,18,51.4
172.0,34,17,50.0
173.0,33,17,51.5
174.0,34,17,50.0
175.0,34,17,50.0
176.0,34,17,50.0
177.0,36,18,50.0
178.0,36,18,50.0
179.0,36,18,50.0
180.0,36,18,50.0
181.0,38,19,50.0
182.0,38,19,50.0
183.0,38,19,50.0
184.0,37,19,51.4
185.0,37,19,51.4
186.0,36,18,50.0
187.0,38,19,50.0
188.0,37,19,51.4
189.0,39,20,51.3
190.0,39,20,51.3
191.0,39,20,51.3
192.0,39,20,51.3
193.0,42,21,50.0
194.0,42,22,52.4
195.0,42,22,52.4
196.0,42,22,52.4
197.0,41,21,51.2
198.0,41,21,51.2
199.0,43,22,51.2
200.0,43,22,51.2
201.0,43,22,51.2
202.0,43,22,51.2
203.0,45,23,51.1
204.0,45,23,51.1
205.0,43,22,51.2
206.0,43,22,51.2
207.0,44,22,50.0
208.0,43,22,51.2
209.0,45,23,51.1
210.0,45,23,51.1
211.0,45,23,51.1
212.0,45,23,51.1
213.0,45,23,51.1
214.0,45,23,51.1
215.0,45,23,51.1
216.0,45,23,51.1
217.0,49,25,51.0
218.0,50,25,50.0
219.0,51,26,51.0
220.0,51,26,51.0
221.0,51,26,51.0
222.0,50,25,50.0
223.0,48,24,50.0
224.0,48,24,50.0
225.0,50,25,50.0
226.0,49,25,51.0
227.0,48,25,52.1
228.0,50,26,52.0
229.0,50,26,52.0
230.0,49,25,51.0
231.0,47,24,51.1
232.0,49,25,51.0
233.0,48,24,50.0
234.0,48,24,50.0
235.0,49,25,51.0
236.0,49,25,51.0
237.0,49,25,51.0
238.0,49,25,51.0
239.0,49,25,51.0
240.0,49,25,51.0
241.0,51,25,49.0
242.0,52,26,50.0
243.0,51,26,51.0
244.0,51,26,51.0
245.0,51,26,51.0
246.0,53,27,50.9
247.0,52,26,50.0
248.0,54,27,50.0
249.0,52,26,50.0
250.0,51,26,51.0
251.0,51,26,51.0
252.0,50,25,50.0
253.0,50,25,50.0
254.0,51,25,49.0
255.0,50,25,50.0
256.0,50,25,50.0
257.0,52,26,50.0
258.0,52,26,50.0
259.0,52,26,50.0
260.0,52,26,50.0
261.0,54,27,50.0
262.0,54,27,50.0
263.0,53,26,49.1
264.0,51,25,49.0
265.0,51,25,49.0
266.0,51,25,49.0
267.0,51,25,49.0
268.0,51,25,49.0
269.0,53,26,49.1
270.0,53,26,49.1
271.0,55,27,49.1
272.0,55,27,49.1
273.0,57,28,49.1
274.0,57,28,49.1
275.0,59,29,49.2
276.0,59,29,49.2
277.0,59,29,49.2
278.0,59,29,49.2
279.0,58,28,48.3
280.0,58,28,48.3
281.0,57,28,49.1
282.0,57,28,49.1
283.0,57,28,49.1
284.0,57,28,49.1
285.0,57,28,49.1
286.0,56,28,50.0
287.0,56,28,50.0
288.0,56,28,50.0
289.0,61,29,47.5
290.0,60,29,48.3
291.0,60,29,48.3
292.0,60,29,48.3
293.0,60,29,48.3
294.0,58,28,48.3
295.0,58,28,48.3
296.0,57,28,49.1
297.0,57,28,49.1
298.0,55,27,49.1
299.0,54,27,50.0
300.0,52,26,50.0
301.0,49,25,51.0
302.0,48,24,50.0
303.0,46,24,52.2
304.0,46,24,52.2
305.0,44,23,52.3
306.0,43,22,51.2
307.0,42,21,50.0
308.0,42,21,50.0
309.0,40,20,50.0
310.0,39,19,48.7
311.0,37,19,51.4
312.0,35,19,54.3
313.0,34,18,52.9
314.0,33,18,54.5
315.0,33,18,54.5
316.0,32,17,53.1
317.0,32,17,53.1
318.0,31,16,51.6
319.0,31,16,51.6
320.0,30,16,53.3
321.0,30,16,53.3
322.0,30,16,53.3
323.0,30,16,53.3
324.0,30,16,53.3
