time,tasks_processed,offloading_count
1.0,8,0
2.0,17,0
3.0,27,0
4.0,37,0
5.0,47,0
6.0,57,0
7.0,67,0
8.0,77,0
9.0,87,0
10.0,97,0
11.0,107,0
12.0,117,0
13.0,127,0
14.0,137,0
15.0,147,0
16.0,159,0
17.0,173,0
18.0,187,0
19.0,203,0
20.0,219,0
21.0,235,0
22.0,253,0
23.0,269,0
24.0,284,0
25.0,300,0
26.0,316,0
27.0,332,0
28.0,348,0
29.0,364,0
30.0,382,0
31.0,400,0
32.0,418,0
33.0,438,0
34.0,458,0
35.0,478,0
36.0,498,0
37.0,520,0
38.0,540,0
39.0,559,0
40.0,577,0
41.0,595,0
42.0,613,0
43.0,633,0
44.0,653,0
45.0,675,0
46.0,697,0
47.0,719,0
48.0,741,0
49.0,766,0
50.0,792,0
51.0,818,0
52.0,844,0
53.0,870,0
54.0,896,0
55.0,924,0
56.0,952,0
57.0,980,0
58.0,1008,0
59.0,1038,0
60.0,1068,0
61.0,1096,0
62.0,1123,0
63.0,1151,0
64.0,1179,0
65.0,1209,0
66.0,1239,0
67.0,1269,0
68.0,1299,0
69.0,1329,0
70.0,1359,0
71.0,1389,0
72.0,1419,0
73.0,1453,0
74.0,1488,0
75.0,1524,0
76.0,1560,0
77.0,1596,0
78.0,1632,0
79.0,1668,0
80.0,1704,0
81.0,1742,0
82.0,1780,0
83.0,1818,0
84.0,1858,0
85.0,1898,0
86.0,1938,0
87.0,1978,0
88.0,2020,0
89.0,2062,0
90.0,2104,0
91.0,2148,0
92.0,2192,0
93.0,2236,0
94.0,2280,0
95.0,2324,0
96.0,2368,0
97.0,2415,0
98.0,2463,0
99.0,2511,0
100.0,2559,0
101.0,2607,0
102.0,2657,0
103.0,2707,0
104.0,2758,0
105.0,2806,0
106.0,2852,0
107.0,2896,0
108.0,2940,0
109.0,2986,0
110.0,3030,0
111.0,3074,0
112.0,3116,0
113.0,3159,0
114.0,3200,0
115.0,3239,0
116.0,3276,0
117.0,3313,0
118.0,3349,0
119.0,3384,0
120.0,3418,0
121.0,3452,0
122.0,3487,0
123.0,3521,0
124.0,3555,0
125.0,3590,0
126.0,3625,0
127.0,3661,0
128.0,3696,0
129.0,3732,0
130.0,3766,0
131.0,3801,0
132.0,3836,0
133.0,3871,0
134.0,3906,0
135.0,3940,0
136.0,3974,0
137.0,4008,0
138.0,4042,0
139.0,4074,0
140.0,4104,0
141.0,4134,0
142.0,4164,0
143.0,4194,0
144.0,4224,0
145.0,4262,0
146.0,4301,0
147.0,4341,0
148.0,4381,0
149.0,4421,0
150.0,4459,0
151.0,4497,0
152.0,4533,0
153.0,4568,0
154.0,4602,0
155.0,4635,0
156.0,4667,0
157.0,4699,0
158.0,4731,0
159.0,4763,0
160.0,4797,0
161.0,4833,0
162.0,4869,0
163.0,4907,0
164.0,4945,0
165.0,4983,0
166.0,5023,0
167.0,5063,0
168.0,5103,0
169.0,5144,0
170.0,5186,0
171.0,5228,0
172.0,5270,0
173.0,5312,0
174.0,5356,0
175.0,5400,0
176.0,5444,0
177.0,5490,0
178.0,5536,0
179.0,5582,0
180.0,5628,0
181.0,5676,0
182.0,5723,0
183.0,5770,0
184.0,5817,0
185.0,5864,0
186.0,5910,0
187.0,5957,0
188.0,6004,0
189.0,6053,0
190.0,6102,0
191.0,6151,0
192.0,6200,0
193.0,6252,0
194.0,6304,0
195.0,6354,0
196.0,6403,0
197.0,6451,0
198.0,6499,0
199.0,6548,0
200.0,6597,0
201.0,6644,0
202.0,6689,0
203.0,6734,0
204.0,6776,0
205.0,6815,0
206.0,6853,0
207.0,6889,0
208.0,6922,0
209.0,6956,0
210.0,6989,0
211.0,7021,0
212.0,7053,0
213.0,7084,0
214.0,7115,0
215.0,7146,0
216.0,7177,0
217.0,7212,0
218.0,7248,0
219.0,7284,0
220.0,7319,0
221.0,7354,0
222.0,7389,0
223.0,7423,0
224.0,7457,0
225.0,7493,0
226.0,7528,0
227.0,7563,0
228.0,7600,0
229.0,7637,0
230.0,7674,0
231.0,7711,0
232.0,7750,0
233.0,7789,0
234.0,7828,0
235.0,7869,0
236.0,7910,0
237.0,7951,0
238.0,7992,0
239.0,8032,0
240.0,8071,0
241.0,8113,0
242.0,8155,0
243.0,8196,0
244.0,8235,0
245.0,8273,0
246.0,8312,0
247.0,8350,0
248.0,8390,0
249.0,8430,0
250.0,8470,0
251.0,8510,0
252.0,8550,0
253.0,8592,0
254.0,8634,0
255.0,8676,0
256.0,8718,0
257.0,8762,0
258.0,8806,0
259.0,8850,0
260.0,8894,0
261.0,8940,0
262.0,8986,0
263.0,9032,0
264.0,9078,0
265.0,9125,0
266.0,9173,0
267.0,9221,0
268.0,9269,0
269.0,9319,0
270.0,9369,0
271.0,9421,0
272.0,9473,0
273.0,9526,0
274.0,9579,0
275.0,9633,0
276.0,9687,0
277.0,9741,0
278.0,9794,0
279.0,9847,0
280.0,9900,0
281.0,9953,0
282.0,10006,0
283.0,10059,0
284.0,10110,0
285.0,10161,0
286.0,10209,0
287.0,10256,0
288.0,10303,0
289.0,10356,0
290.0,10409,0
291.0,10462,0
292.0,10513,0
293.0,10562,0
294.0,10611,0
295.0,10657,0
296.0,10701,0
297.0,10744,0
298.0,10786,0
299.0,10826,0
300.0,10865,0
301.0,10904,0
302.0,10942,0
303.0,10980,0
304.0,11017,0
305.0,11053,0
306.0,11088,0
307.0,11123,0
308.0,11156,0
309.0,11189,0
310.0,11220,0
311.0,11250,0
312.0,11280,0
313.0,11309,0
314.0,11337,0
315.0,11365,0
316.0,11393,0
317.0,11421,0
318.0,11448,0
319.0,11473,0
320.0,11498,0
321.0,11523,0
322.0,11548,0
323.0,11573,0
324.0,11598,0
